<beans xmlns="http://www.springframework.org/schema/beans"
	xmlns:xsi="http://www.w3.org/2001/XMLSchema-instance"
	xmlns:context="http://www.springframework.org/schema/context"
	xsi:schemaLocation="http://www.springframework.org/schema/beans
    http://www.springframework.org/schema/beans/spring-beans-3.0.xsd
    http://www.springframework.org/schema/context
    http://www.springframework.org/schema/context/spring-context-3.0.xsd">

	<bean id="emp" class="com.cognizant.springcore.Employee">
		<property name="empId" value="123"></property>
		<property name="empName" value="aishwarya"></property>
		<property name="empSal" value="200000"></property>
		<property name="orgName" value="cognizant"></property>
	</bean>
	<bean id="emp1" class="com.cognizant.springcore.Employee">
		<constructor-arg name="empId" value="133"></constructor-arg>
		<constructor-arg name="empName" value="samantha"></constructor-arg>
		<constructor-arg name="empSal" value="230000"></constructor-arg>
		<constructor-arg name="orgName" value="cognizant"></constructor-arg>
	</bean>
</beans>